ts,user_id,action,duration,value
2026-01-30T02:25:00,u001,login,141.0,223.21
2026-01-25T19:41:00,u001,logout,217.0,29.8
2026-01-11T14:07:00,u005,logout,14.0,
2026-01-11T00:46:00,u004,logout,143.0,758.81
2026-01-20T05:36:00,u003,click,80.0,
2026-01-05T15:38:00,u001,buy,,
2026-01-02T23:27:00,,buy,275.0,
2026-01-04T14:04:00,u005,click,186.0,704.57
2026-01-11T08:55:00,u003,login,120.0,
2026-01-29T22:20:00,u003,view,,
2026-01-30T11:49:00,u001,logout,88.0,
2026-01-13T06:51:00,,logout,,842.85
2026-01-11T10:10:00,u001,click,,
2026-01-10T16:14:00,,buy,,142.87
2026-01-12T05:22:00,,logout,,
2026-01-27T13:22:00,u004,click,113.0,509.53
2026-01-03T03:27:00,u001,view,,
2026-01-18T08:49:00,u005,buy,,971.08
2026-01-06T05:07:00,,logout,,
2026-01-08T04:45:00,u004,login,135.0,507.68
2026-01-29T10:59:00,u003,logout,102.0,373.91
2026-01-25T13:08:00,u005,login,,
2026-01-14T23:53:00,u002,login,124.0,
2026-01-04T03:35:00,u005,view,,946.85
2026-01-13T01:30:00,u005,logout,217.0,928.91
2026-01-15T04:28:00,u004,click,,121.0
2026-01-03T21:56:00,u003,login,284.0,588.44
2026-01-04T05:32:00,,login,118.0,
2026-01-04T05:23:00,u005,view,,214.24
2026-01-26T23:43:00,u005,buy,,807.5
2026-01-05T07:01:00,u001,buy,,411.1
2026-01-30T17:44:00,,login,,728.21
2026-01-12T07:35:00,u002,view,,140.18
2026-01-13T16:14:00,u004,view,,808.02
2026-01-03T07:15:00,,logout,8.0,926.37
2026-01-08T13:39:00,u004,buy,247.0,864.65
2026-01-08T11:49:00,u004,login,,
2026-01-13T23:34:00,u004,logout,250.0,189.9
2026-01-03T15:52:00,u005,logout,,
2026-01-23T21:14:00,u005,view,30.0,851.34
2026-01-28T01:56:00,u001,view,207.0,941.6
2026-01-27T08:20:00,u005,login,,
2026-01-12T20:49:00,u002,click,,
2026-01-21T19:24:00,u003,login,,621.16
2026-01-04T08:01:00,u005,view,,
2026-01-04T03:08:00,u002,click,146.0,
2026-01-28T20:06:00,,logout,,931.76
2026-01-07T02:40:00,u003,login,55.0,272.35
2026-01-16T14:31:00,u002,click,,251.12
2026-01-05T04:48:00,,buy,142.0,3.55
2026-01-29T23:53:00,u003,view,,560.91
2026-01-04T10:11:00,,view,280.0,834.6
2026-01-20T13:26:00,u002,login,,898.98
2026-01-17T06:49:00,u002,view,,
2026-01-29T05:55:00,,view,122.0,976.21
2026-01-19T18:20:00,u001,view,,802.24
2026-01-13T03:25:00,u002,login,196.0,858.59
2026-01-10T01:59:00,u004,click,157.0,222.92
2026-01-19T03:13:00,u003,click,,
2026-01-25T09:41:00,u003,login,,
2026-01-02T17:47:00,u001,logout,,
2026-01-20T20:39:00,u005,logout,,899.5
2026-01-12T14:13:00,u001,buy,1.0,364.22
2026-01-16T00:39:00,u005,click,,
2026-01-15T20:16:00,u004,click,284.0,
2026-01-08T22:05:00,u005,logout,,547.94
2026-01-14T19:54:00,u003,view,,
2026-01-10T17:25:00,u005,buy,87.0,
2026-01-05T06:00:00,u002,click,116.0,147.35
2026-01-12T03:26:00,u004,logout,,414.44
2026-01-18T11:24:00,u004,buy,125.0,656.06
2026-01-05T20:25:00,u004,view,,50.22
2026-01-06T12:33:00,u004,view,,
2026-01-28T21:10:00,,logout,,
2026-01-21T11:35:00,u003,view,,
2026-01-21T00:27:00,u001,click,,335.85
2026-01-07T07:08:00,u002,view,197.0,706.42
2026-01-19T21:08:00,u004,click,,415.77
2026-01-20T02:54:00,u004,logout,,
2026-01-14T14:09:00,u004,buy,276.0,
2026-01-20T20:02:00,u004,login,,
2026-01-08T12:16:00,u004,view,274.0,906.93
2026-01-04T19:41:00,,buy,,
2026-01-18T06:04:00,u003,view,,
2026-01-13T15:55:00,u004,click,,19.38
2026-01-16T22:15:00,u002,login,21.0,949.61
2026-01-01T22:15:00,u005,view,123.0,473.56
2026-01-26T16:00:00,u002,buy,,167.79
2026-01-08T10:52:00,u003,login,297.0,
2026-01-19T01:15:00,,view,39.0,
2026-01-28T07:48:00,u001,logout,,
2026-01-04T03:19:00,u005,click,,822.33
2026-01-20T17:31:00,u003,buy,,
2026-01-29T00:44:00,u005,buy,,
2026-01-15T16:02:00,u002,login,,
2026-01-26T22:25:00,u005,buy,173.0,
2026-01-09T06:37:00,u004,view,,
2026-01-26T07:04:00,u001,logout,98.0,
2026-01-23T05:39:00,u005,view,,448.17
2026-01-05T05:38:00,u003,view,208.0,
2026-01-22T12:55:00,u005,logout,,
2026-01-17T00:16:00,,buy,,251.4
2026-01-09T18:21:00,u003,login,275.0,
2026-01-13T14:00:00,,logout,,980.51
2026-01-14T11:34:00,u002,click,,14.15
2026-01-13T11:37:00,u001,login,,697.42
2026-01-30T00:43:00,u004,login,,
2026-01-16T12:08:00,u002,login,,114.09
2026-01-19T05:40:00,u004,login,296.0,
2026-01-04T21:02:00,u002,login,,606.32
2026-01-24T18:47:00,u004,buy,,
2026-01-14T21:33:00,u005,logout,31.0,947.59
2026-01-29T11:13:00,u002,click,42.0,239.87
2026-01-08T02:58:00,u001,buy,,291.26
2026-01-14T02:41:00,,click,233.0,
2026-01-29T10:43:00,u005,view,218.0,544.56
2026-01-13T02:08:00,u002,login,31.0,
2026-01-20T23:40:00,u001,buy,,
2026-01-20T22:08:00,u001,logout,,
2026-01-02T04:15:00,u001,view,295.0,
2026-01-27T05:24:00,u001,view,,916.07
2026-01-27T15:20:00,u004,buy,,
2026-01-15T14:40:00,,login,,
2026-01-14T02:48:00,,buy,282.0,
2026-01-12T11:41:00,u003,login,207.0,
2026-01-19T19:22:00,u001,view,,
2026-01-29T11:06:00,u004,login,,
2026-01-20T22:32:00,,buy,63.0,973.15
2026-01-08T04:59:00,u003,logout,,93.21
2026-01-22T00:01:00,u001,view,,
2026-01-19T21:49:00,u004,buy,,
2026-01-09T16:11:00,u005,logout,70.0,
2026-01-16T11:14:00,u005,click,,
2026-01-07T18:18:00,u004,logout,,
2026-01-21T17:21:00,u003,view,,
2026-01-02T23:40:00,u003,buy,,988.41
2026-01-23T13:01:00,u001,view,,
2026-01-05T12:54:00,u005,buy,8.0,409.98
2026-01-04T09:43:00,u004,click,,
2026-01-25T06:51:00,u004,click,250.0,617.46
2026-01-29T17:23:00,,click,117.0,433.97
2026-01-29T20:13:00,,login,228.0,694.0
2026-01-03T02:14:00,u003,login,,374.84
2026-01-12T02:43:00,u005,buy,290.0,169.98
2026-01-28T17:43:00,u004,logout,,912.83
2026-01-11T13:36:00,u004,click,,
2026-01-14T02:10:00,,logout,81.0,
2026-01-27T17:47:00,u003,buy,,845.3
2026-01-18T12:11:00,u004,login,,
2026-01-14T10:28:00,u001,buy,141.0,565.93
2026-01-28T14:21:00,,buy,147.0,
2026-01-10T23:12:00,,view,129.0,628.25
2026-01-15T01:26:00,u004,login,,732.36
2026-01-14T10:20:00,u003,buy,90.0,
2026-01-25T03:49:00,u005,click,,
2026-01-14T10:22:00,,click,,962.89
2026-01-11T06:25:00,,buy,,
2026-01-01T15:12:00,u003,logout,,
2026-01-27T14:29:00,u004,click,56.0,
2026-01-28T18:22:00,u002,login,,649.24
2026-01-07T08:40:00,u001,login,,116.12
2026-01-25T11:08:00,u002,buy,,
2026-01-27T17:31:00,,view,213.0,
2026-01-13T17:33:00,u001,click,,444.7
2026-01-17T12:08:00,u001,click,,
2026-01-09T15:19:00,u001,buy,47.0,641.7
2026-01-03T07:14:00,u003,view,65.0,68.61
2026-01-27T16:29:00,u002,view,169.0,788.64
2026-01-13T14:51:00,u002,view,,798.51
2026-01-02T04:09:00,u002,login,184.0,588.85
2026-01-08T22:19:00,u003,login,,526.09
2026-01-22T16:11:00,u004,click,263.0,452.01
2026-01-28T23:51:00,u001,logout,,643.34
2026-01-03T18:26:00,u004,buy,219.0,
2026-01-04T08:16:00,u001,click,76.0,
2026-01-18T08:02:00,u005,logout,,
2026-01-05T12:19:00,,login,283.0,430.07
2026-01-19T19:59:00,u003,buy,,
2026-01-20T10:08:00,u003,click,192.0,
2026-01-04T01:19:00,u001,login,,
2026-01-06T22:07:00,u005,login,,
2026-01-17T02:13:00,,buy,,
2026-01-05T17:09:00,u005,logout,109.0,656.74
2026-01-05T22:12:00,u003,logout,189.0,762.61
2026-01-20T12:42:00,u005,logout,286.0,
2026-01-02T07:37:00,u002,click,,351.02
2026-01-07T12:28:00,u005,buy,36.0,740.97
2026-01-05T04:13:00,,logout,,
2026-01-08T03:55:00,u003,click,167.0,883.34
2026-01-08T03:56:00,u005,login,,
2026-01-23T02:28:00,u005,buy,,215.57
2026-01-16T17:01:00,u004,login,,
2026-01-03T01:36:00,u002,buy,29.0,204.42
2026-01-07T05:53:00,u003,click,168.0,
2026-01-08T23:54:00,u002,buy,273.0,
2026-01-04T06:43:00,u004,login,224.0,459.75
2026-01-15T05:56:00,u005,buy,,
2026-01-14T04:13:00,u001,buy,,
2026-01-17T11:14:00,u001,buy,55.0,
2026-01-24T20:18:00,u001,buy,,221.57
